<?xml version="1.0"?>
<!--Phoronix Test Suite v4.0.0m1 (Suldal)-->
<PhoronixTestSuite>
  <ResultsParser>
    <OutputTemplate>              KB  reclen   write rewrite    read    reread    read   write    read  rewrite     read   fwrite frewrite   fread  freread
          524288       4   99368 2519366  #_RESULT_#  5727103</OutputTemplate>
    <MatchToTestArguments>-i0 -i1</MatchToTestArguments>
    <LineBeforeHint>reclen</LineBeforeHint>
    <DivideResultBy>1024</DivideResultBy>
  </ResultsParser>
  <ResultsParser>
    <OutputTemplate>              KB  reclen   write rewrite    read    reread    read   write    read  rewrite     read   fwrite frewrite   fread  freread
          524288       4   #_RESULT_# 2519366  5717186  5727103</OutputTemplate>
    <MatchToTestArguments>-i0</MatchToTestArguments>
    <LineBeforeHint>reclen</LineBeforeHint>
    <DivideResultBy>1024</DivideResultBy>
  </ResultsParser>
</PhoronixTestSuite>
