<?xml version="1.0"?>
<!--Phoronix Test Suite v4.8.5 (Sokndal)-->
<PhoronixTestSuite>
  <Downloads>
    <Package>
      <URL>http://internode.dl.sourceforge.net/sourceforge/tiobench/tiobench-0.3.3.tar.gz, http://softlayer.dl.sourceforge.net/sourceforge/tiobench/tiobench-0.3.3.tar.gz</URL>
      <MD5>bf485bf820e693c79e6bd2a38702a128</MD5>
      <SHA256>8ad011059a35ac70cdb5e3d3999ceee44a8e8e9078926844b0685b7ea9db2bcc</SHA256>
      <FileSize>28282</FileSize>
    </Package>
  </Downloads>
</PhoronixTestSuite>
