<?xml version="1.0"?>
<!--Phoronix Test Suite v4.8.5 (Sokndal)-->
<PhoronixTestSuite>
  <ResultsParser>
    <OutputTemplate>,----------------------------------------------------------------------.
| Item                  | Time     | Rate         | Usr CPU  | Sys CPU |
+-----------------------+----------+--------------+----------+---------+
| Write         128 MBs |    2.0 s |  #_RESULT_# MB/s |   5.1 %  |  36.4 % |
`----------------------------------------------------------------------'</OutputTemplate>
    <LineHint>MBs</LineHint>
    <ResultBeforeString>MB/s</ResultBeforeString>
  </ResultsParser>
</PhoronixTestSuite>
